Matricula,Nome,Idade
20260001,Lucas Silva,21
20260002,Ana Costa,19
20260003,Marcos Lima,17
20260004,Beatriz Souza,22
20260005,Gabriel Oliveira,20
20260006,Mariana Santos,18
20260007,Pedro Rodrigues,25
20260008,Julia Almeida,23
20260009,Matheus Ribeiro,19
20260010,Larissa Carvalho,21
20260011,Gustavo Mendes,17
20260012,Sofia Freitas,24
20260013,Daniel Araujo,22
20260014,Camila Melo,20
20260015,Thiago Cardoso,26
20260016,Bruna Gomes,18
20260017,Bruno Martins,19
20260018,Amanda Rocha,21
20260019,Felipe Dias,23
20260020,Fernanda Lima,17
20260021,Rodrigo Barbosa,20
20260022,Juliana Castro,22
20260023,Vinicius Pinto,25
20260024,Aline Santana,19
20260025,Leonardo Xavier,18
20260026,Carolina Vieira,21
20260027,Eduardo Cunha,24
20260028,Paula Ramos,20
20260029,Alexandre Nunes,17
20260030,Jessica Teixeira,22
20260031,Diego Faria,23
20260032,Isabela Moraes,19
20260033,Arthur Lopes,21
20260034,Leticia Marques,18
20260035,Andre Assis,26
20260036,Flavia Rezende,20
20260037,Caio Fonseca,22
20260038,Vanessa Miranda,17
20260039,Rafael Barros,24
20260040,Sabrina Viana,19
20260041,Douglas Antunes,21
20260042,Gabriela Franco,18
20260043,Henrique Guimaraes,23
20260044,Tatiane Maciel,20
20260045,Sandro Passos,25
20260046,Michele Ramos,17
20260047,Samuel Malta,22
20260048,Gisele Nogueira,19
20260049,Murilo Correa,21
20260050,Debora Peixoto,18
20260051,Victor Meireles,24
20260052,Natalia Lins,20
20260053,Igor Padilha,22
20260054,Bianca Lovato,17
20260055,Otavio Diniz,23
20260056,Milena Braga,19
20260057,Danilo Sales,21
20260058,Renata Dornelles,18
20260059,Hugo Telles,25
20260060,Clarissa Aguiar,20
20260061,Ramon Valente,22
20260062,Patricia Sales,17
20260063,Marcelo Vila,24
20260064,Erika Palhares,19
20260065,Ronaldo Rios,21
20260066,Priscila Guerra,18
20260067,Breno Junqueira,23
20260068,Luana Pires,20
20260069,Allan Frota,17
20260070,Thais Bernardes,22
20260071,Cesar Paim,25
20260072,Raissa Loureiro,19
20260073,Yago Muniz,21
20260074,Mirella Toledo,18
20260075,Franklin Werneck,24
20260076,Carla Sampaio,20
20260077,Icaro Portugal,22
20260078,Vivian Caldas,17
20260079,Denis Vilaverde,23
20260080,Barbara Godoy,19
20260081,Kauan Nazario,21
20260082,Marta Dornas,18
20260083,Wellington Faro,26
20260084,Cintia Fagundes,20
20260085,Leandro Bessa,22
20260086,Monique Cordeiro,17
20260087,Patrick Simoes,24
20260088,Talita Bulhoes,19
20260089,Yuri Cavalcanti,21
20260090,Nara Fontes,18
20260091,Fabio Lemos,23
20260092,Karina Ortiz,20
20260093,Moacir Taveira,17
20260094,Silvia Carrara,22
20260095,Jonas Marinho,25
20260096,Kelly Goulart,19
20260097,Natan Siqueira,21
20260098,Raquel Trindade,18
20260099,Erick Veras,24
20260100,Tania Bezerra,20
20260101,Claudio Seixas,22
20260102,Heloisa Prates,17
20260103,Gilberto Chaves,23
20260104,Estela Azeredo,19
20260105,Walter Linhares,21
20260106,Catarina Hipolito,18
20260107,Cristiano Taborda,26
20260108,Lara Filgueiras,20
20260109,Reinaldo Malta,22
20260110,Gloria Paranhos,17
20260111,Augusto Nazare,24
20260112,Soraia Bonfim,19
20260113,Valter Castelo,21
20260114,Joana Quintanilha,18
20260115,Benicio Quintela,23
20260116,Regina Serpa,20
20260117,Edson Meneses,17
20260118,Lidia Pureza,22
20260119,Adilson Veloso,25
20260120,Isadora Rangel,19
20260121,Gerson Belrao,21
20260122,Diana Valadares,18
20260123,Baltazar Vigario,24
20260124,Eloisa Alencar,20
20260125,Lazaro Pantoja,22
20260126,Maysa Dornas,17
20260127,Ruan Salgado,23
20260128,Cecilia Bicalho,19
20260129,Samuel Cambraia,21
20260130,Malvina Guterres,18
20260131,Wanderley Junco,26
20260132,Anice Pestana,20
20260133,Dorival Caymmi,22
20260134,Nair Belo,17
20260135,Agenor Miranda,24
20260136,Zilda Arns,19
20260137,Hamilton Melo,21
20260138,Ivone Lara,18
20260139,Newton Nobre,23
20260140,Aracy Balabanian,20
20260141,Lineu Silva,17
20260142,Nenê Silva,22
20260143,Agostinho Carrara,25
20260144,Bebel Carrara,19
20260145,Tuco Silva,21
20260146,Paulao Regulagem,18
20260147,ZeiManoel Ramos,24
20260148,Dona Carminha,20
20260149,Tufao Silva,22
20260150,Nina Garcia,17
20260151,Jorginho Silva,23
20260152,Suelen Souza,19
20260153,Adauto Alves,21
20260154,Muricy Silva,18
20260155,Leleco Silva,26
20260156,Max Oliveira,20
20260157,Lucinda Santos,22
20260158,Nilo Ferreira,17
20260159,Cadinho Batista,24
20260160,Noemia Batista,19
20260161,Veronica Batista,21
20260162,Alexia Batista,18
20260163,Sandro Rocha,23
20260164,Bruna Surfistinha,20
20260165,Chicó Queiroz,17
20260166,Joao Grilo,22
20260167,Major Noronha,25
20260168,Vicente Lima,19
20260169,Rosinha Brito,21
20260170,Dora Alencar,18
20260171,Severino Maciel,24
20260172,Cangaceiro Ze,20
20260173,Lampiao Silva,22
20260174,Maria Bonita,17
20260175,Corisco Gomes,23
20260176,Dada Rocha,19
20260177,Zabele Castro,21
20260181,Firmino Ramos,22
20260182,Quiteria Melo,17
20260183,Salustiano Reis,24
20260184,Filomena Diniz,19
20260185,Ariano Suassuna,21
20260186,Dias Gomes,18
20260187,Jorge Amado,23
20260188,Clarice Lispector,20
20260189,Machado Assis,17
20260190,Guimaraes Rosa,22
20260191,Cecilia Meireles,25
20260192,Carlos Drummond,19
20260193,Manuel Bandeira,21
20260194,Vinicius Moraes,18
20260195,Erico Verissimo,24
20260196,Rachel Queiroz,20
20260197,Graciliano Ramos,22
20260198,Aluizio Azevedo,17
20260199,Lima Barreto,23
20260200,Jose Alencar,19
20260201,Castro Alves,21
20260202,Goncalves Dias,18
20260203,Casimiro Abreu,26
20260204,Fagundes Varela,20
20260205,Alvares Azevedo,22
20260206,Olavo Bilac,17
20260207,Cruz Sousa,24
20260208,Augusto Anjos,19
20260209,Mario Andrade,21
20260210,Oswald Andrade,18
20260211,Menotti DelPicchia,23
20260212,Anita Malfatti,20
20260213,Tarsila Amaral,17
20260214,Di Cavalcanti,22
20260215,Portinari Silva,25
20260216,Villa Lobos,19
20260217,Chiquinha Gonzaga,21
20260218,Pixinguinha Viana,18
20260219,Cartola Oliveira,24
20260220,Nelson Cavaquinho,20
20260221,Lupicinio Rodrigues,22
20260222,Noel Rosa,17
20260223,Adoniran Barbosa,23
20260224,Ataulfo Alves,19
20260225,Wilson Batista,21
20260226,Geraldo Pereira,18
20260227,Jackson Pandeiro,26
20260228,Luiz Gonzaga,20
20260229,Dominguinhos Silva,22
20260230,Sivuca Diniz,17
20260231,Hermeto Pascoal,24
20260232,Tom Jobim,19
20260233,Joao Gilberto,21
20260234,Baden Powell,18
20260235,Dorival Telles,23
20260236,Nara Leao,20
20260237,Maysa Matarazzo,17
20260238,Elis Regina,22
20260239,Jair Rodrigues,25
20260240,Chico Buarque,19
20260241,Caetano Veloso,21
20260242,Gilberto Gil,18
20260243,Gal Costa,24
20260244,Maria Bethania,20
20260245,Milton Nascimento,22
20260246,Lô Borges,17
20260247,Betto Guedes,23
20260248,Toninho Horta,19
20260249,Wagner Tiso,21
20260250,Flavio Venturini,18
2023101,Ana Silva,20
2023105,Bruno Souza,19
